Workbook

Sheet Rata-rata gaji tahunan per sekt
A1: Sektor | B1: Rata-rata Gaji Tahunan
B2: 2015 | C2: 2016 | D2: 2017 | E2: 2018 | F2: 2019 | G2: 2020 | H2: 2021 | I2: 2022 | J2: 2023 | K2: 2024 | L2: 2025
A3: A | B3: 1265700 | C3: 1542341 | D3: 1761803 | E3: 1824738 | F3: 2041145 | G3: 1989195 | H3: 1951747 | I3: 2081590 | J3: 2218558 | K3: 2321879 | L3: 2393809
A4: B | B4: 3610765 | C4: 4222708 | D4: 4358002 | E4: 4381899 | F4: 4902251 | G4: 4788831 | H4: 4312355 | I4: 4571895 | J4: 4693515 | K4: 5086714 | L4: 5034904
A5: C | B5: 1730596 | C5: 2180973 | D5: 2547268 | E5: 2591425 | F5: 2748055 | G5: 2726340 | H5: 2767730 | I5: 2918070 | J5: 3083971 | K5: 3136317 | L5: 3180362
A6: D | B6: 2710527 | C6: 3136878 | D6: 4023235 | E6: 3495366 | F6: 3902034 | G6: 3861682 | H6: 3913233 | I6: 4549862 | J6: 4309407 | K6: 4842654 | L6: 5056759
A7: E | B7: 1537601 | C7: 2336472 | D7: 3180252 | E7: 2754096 | F7: 2498009 | G7: 2574084 | H7: 2677455 | I7: 2703749 | J7: 2879474 | K7: 2820729 | L7: 2870748
A8: F | B8: 1992009 | C8: 2284244 | D8: 2498492 | E8: 2675308 | F8: 2820223 | G8: 2875817 | H8: 2777721 | I8: 2978779 | J8: 3097507 | K8: 3119598 | L8: 3222022
A9: G | B9: 1624199 | C9: 1939354 | D9: 2218325 | E9: 2275690 | F9: 2390998 | G9: 2396959 | H9: 2367568 | I9: 2583378 | J9: 2641224 | K9: 2695464 | L9: 2753458
A10: H | B10: 2393542 | C10: 2826662 | D10: 3166846 | E10: 3213703 | F10: 3506804 | G10: 3374436 | H10: 3140168 | I10: 3507921 | J10: 3688447 | K10: 3804552 | L10: 3907307
A11: I | B11: 1614793 | C11: 1880977 | D11: 2131028 | E11: 2170725 | F11: 2304219 | G11: 2108790 | H11: 1964341 | I11: 2217520 | J11: 2285155 | K11: 2340218 | L11: 2485804
A12: J | B12: 3668831 | C12: 3542343 | D12: 4304503 | E12: 4064805 | F12: 4181070 | G12: 4009323 | H12: 4089313 | I12: 4953131 | J12: 4745865 | K12: 4860097 | L12: 4705177
A13: K | B13: 3197938 | C13: 3570056 | D13: 4103617 | E13: 4255213 | F13: 4176326 | G13: 4149925 | H13: 4140023 | I13: 4930394 | J13: 4960740 | K13: 5119546 | L13: 4997320
A14: L | B14: 2858659 | C14: 3821336 | D14: 3196408 | E14: 3333105 | F14: 3687856 | G14: 3410555 | H14: 3553907 | I14: 4308920 | J14: 4540289 | K14: 4305720 | L14: 4220935
... A20: Rata-Rata | B20: 2025516 | C20: 2366770 | D20: 2722606 | E20: 2741600 | F20: 2852707 | G20: 2836921 | H20: 2798547 | I20: 2981647 | J20: 3061384 | K20: 3154169 | L20: 3212915
A52: Kode Sektor | B52: Deskripsi Lapangan Pekerjaan Utama
A53: A | B53: Pertanian, Kehutanan, dan Perikanan
A54: B | B54: Pertambangan dan Penggalian
A55: C | B55: Industri Pengolahan
A56: D | B56: Pengadaan Listrik, Gas, Uap/Air Panas dan Udara Dingin
A57: E | B57: Treatment Air, Treatment Air Limbah, Treatment dan Pemulihan Material Sampah, dan Aktivitas Remediasi
A58: F | B58: Konstruksi
A59: G | B59: Perdagangan Besar dan Eceran; Reparasi Mobil dan Sepeda Motor
A60: H | B60: Pengangkutan dan Pergudangan
A61: I | B61: Penyediaan Akomodasi dan Penyedia Makan Minum
A62: J | B62: Informasi dan Komunikasi
A63: K | B63: Aktivitas Keuangan dan Asuransi
... A69: R, S, T, U | B69: Aktivitas Jasa Lainnya

Sheet transf ln
A1: Sektor | B1: Rata-rata Gaji Tahunan
B2: 2015 | C2: 2016 | D2: 2017 | E2: 2018 | F2: 2019 | G2: 2020 | H2: 2021 | I2: 2022 | J2: 2023 | K2: 2024 | L2: 2025 | M2: Slope | N2: Growth Rate | O2: Growth Rate (%) | P2: R^2
B3: 1 | C3: 2 | D3: 3 | E3: 4 | F3: 5 | G3: 6 | H3: 7 | I3: 8 | J3: 9 | K3: 10 | L3: 11
A4: A | B4: =LN('Rata-rata gaji tahunan per sekt'!B3) -> 14.051136 | C4: =LN('Rata-rata gaji tahunan per sekt'!C3) -> 14.248812 | D4: =LN('Rata-rata gaji tahunan per sekt'!D3) -> 14.381848 | E4: =LN('Rata-rata gaji tahunan per sekt'!E3) -> 14.416947 | F4: =LN('Rata-rata gaji tahunan per sekt'!F3) -> 14.529021 | G4: =LN('Rata-rata gaji tahunan per sekt'!G3) -> 14.503241 | H4: =LN('Rata-rata gaji tahunan per sekt'!H3) -> 14.484235 | I4: =LN('Rata-rata gaji tahunan per sekt'!I3) -> 14.548643 | ... L4: =LN('Rata-rata gaji tahunan per sekt'!L3) -> 14.688396 | M4: =SLOPE(B4:L4, $B$3:$L$3) -> 0.052116075 | N4: =EXP(M4) -1 -> 0.053498021 | O4: =(EXP(M4) -1) * 100 -> 5.3498021 | P4: =RSQ(B4:L4, $B$3:$L$3) -> 0.85608528
A5: B | B5: =LN('Rata-rata gaji tahunan per sekt'!B4) -> 15.09943 | C5: =LN('Rata-rata gaji tahunan per sekt'!C4) -> 15.255987 | D5: =LN('Rata-rata gaji tahunan per sekt'!D4) -> 15.287524 | E5: =LN('Rata-rata gaji tahunan per sekt'!E4) -> 15.292993 | F5: =LN('Rata-rata gaji tahunan per sekt'!F4) -> 15.405205 | G5: =LN('Rata-rata gaji tahunan per sekt'!G4) -> 15.381797 | H5: =LN('Rata-rata gaji tahunan per sekt'!H4) -> 15.276995 | I5: =LN('Rata-rata gaji tahunan per sekt'!I4) -> 15.335438 | ... L5: =LN('Rata-rata gaji tahunan per sekt'!L4) -> 15.431905 | M5: =SLOPE(B5:L5, $B$3:$L$3) -> 0.023510734 | N5: =EXP(M5) -1 -> 0.02378929 | O5: =(EXP(M5) -1) * 100 -> 2.378929 | P5: =RSQ(B5:L5, $B$3:$L$3) -> 0.62915967
A6: C | B6: =LN('Rata-rata gaji tahunan per sekt'!B5) -> 14.363976 | C6: =LN('Rata-rata gaji tahunan per sekt'!C5) -> 14.595282 | D6: =LN('Rata-rata gaji tahunan per sekt'!D5) -> 14.750532 | E6: =LN('Rata-rata gaji tahunan per sekt'!E5) -> 14.767718 | F6: =LN('Rata-rata gaji tahunan per sekt'!F5) -> 14.826404 | G6: =LN('Rata-rata gaji tahunan per sekt'!G5) -> 14.818471 | H6: =LN('Rata-rata gaji tahunan per sekt'!H5) -> 14.833538 | I6: =LN('Rata-rata gaji tahunan per sekt'!I5) -> 14.886433 | ... L6: =LN('Rata-rata gaji tahunan per sekt'!L5) -> 14.972506 | M6: =SLOPE(B6:L6, $B$3:$L$3) -> 0.048308284 | N6: =EXP(M6) -1 -> 0.049494147 | O6: =(EXP(M6) -1) * 100 -> 4.9494147 | P6: =RSQ(B6:L6, $B$3:$L$3) -> 0.80350928
A7: D | B7: =LN('Rata-rata gaji tahunan per sekt'!B6) -> 14.812654 | C7: =LN('Rata-rata gaji tahunan per sekt'!C6) -> 14.958739 | D7: =LN('Rata-rata gaji tahunan per sekt'!D6) -> 15.207597 | E7: =LN('Rata-rata gaji tahunan per sekt'!E6) -> 15.066949 | F7: =LN('Rata-rata gaji tahunan per sekt'!F6) -> 15.177009 | G7: =LN('Rata-rata gaji tahunan per sekt'!G6) -> 15.166613 | H7: =LN('Rata-rata gaji tahunan per sekt'!H6) -> 15.179874 | I7: =LN('Rata-rata gaji tahunan per sekt'!I6) -> 15.330607 | ... L7: =LN('Rata-rata gaji tahunan per sekt'!L6) -> 15.436236 | M7: =SLOPE(B7:L7, $B$3:$L$3) -> 0.050828895 | N7: =EXP(M7) -1 -> 0.052142851 | O7: =(EXP(M7) -1) * 100 -> 5.2142851 | P7: =RSQ(B7:L7, $B$3:$L$3) -> 0.83452763
A8: E | B8: =LN('Rata-rata gaji tahunan per sekt'!B7) -> 14.245734 | C8: =LN('Rata-rata gaji tahunan per sekt'!C7) -> 14.664153 | D8: =LN('Rata-rata gaji tahunan per sekt'!D7) -> 14.972471 | E8: =LN('Rata-rata gaji tahunan per sekt'!E7) -> 14.8286 | F8: =LN('Rata-rata gaji tahunan per sekt'!F7) -> 14.731005 | G8: =LN('Rata-rata gaji tahunan per sekt'!G7) -> 14.761004 | H8: =LN('Rata-rata gaji tahunan per sekt'!H7) -> 14.800377 | I8: =LN('Rata-rata gaji tahunan per sekt'!I7) -> 14.81015 | ... L8: =LN('Rata-rata gaji tahunan per sekt'!L7) -> 14.870083 | M8: =SLOPE(B8:L8, $B$3:$L$3) -> 0.032814305 | N8: =EXP(M8) -1 -> 0.033358632 | O8: =(EXP(M8) -1) * 100 -> 3.3358632 | P8: =RSQ(B8:L8, $B$3:$L$3) -> 0.32742901
A9: F | B9: =LN('Rata-rata gaji tahunan per sekt'!B8) -> 14.504654 | C9: =LN('Rata-rata gaji tahunan per sekt'!C8) -> 14.641546 | D9: =LN('Rata-rata gaji tahunan per sekt'!D8) -> 14.731198 | E9: =LN('Rata-rata gaji tahunan per sekt'!E8) -> 14.799575 | F9: =LN('Rata-rata gaji tahunan per sekt'!F8) -> 14.852327 | G9: =LN('Rata-rata gaji tahunan per sekt'!G8) -> 14.871847 | H9: =LN('Rata-rata gaji tahunan per sekt'!H8) -> 14.837141 | I9: =LN('Rata-rata gaji tahunan per sekt'!I8) -> 14.907024 | ... L9: =LN('Rata-rata gaji tahunan per sekt'!L8) -> 14.98552 | M9: =SLOPE(B9:L9, $B$3:$L$3) -> 0.040867698 | N9: =EXP(M9) -1 -> 0.041714276 | O9: =(EXP(M9) -1) * 100 -> 4.1714276 | P9: =RSQ(B9:L9, $B$3:$L$3) -> 0.86566249
A10: G | B10: =LN('Rata-rata gaji tahunan per sekt'!B9) -> 14.300525 | C10: =LN('Rata-rata gaji tahunan per sekt'!C9) -> 14.477865 | D10: =LN('Rata-rata gaji tahunan per sekt'!D9) -> 14.612263 | E10: =LN('Rata-rata gaji tahunan per sekt'!E9) -> 14.637794 | F10: =LN('Rata-rata gaji tahunan per sekt'!F9) -> 14.687221 | G10: =LN('Rata-rata gaji tahunan per sekt'!G9) -> 14.689711 | H10: =LN('Rata-rata gaji tahunan per sekt'!H9) -> 14.677374 | I10: =LN('Rata-rata gaji tahunan per sekt'!I9) -> 14.764608 | ... L10: =LN('Rata-rata gaji tahunan per sekt'!L9) -> 14.828368 | M10: =SLOPE(B10:L10, $B$3:$L$3) -> 0.04293934 | N10: =EXP(M10) -1 -> 0.043874571 | O10: =(EXP(M10) -1) * 100 -> 4.3874571 | P10: =RSQ(B10:L10, $B$3:$L$3) -> 0.83096295
A11: H | B11: =LN('Rata-rata gaji tahunan per sekt'!B10) -> 14.688285 | C11: =LN('Rata-rata gaji tahunan per sekt'!C10) -> 14.854607 | D11: =LN('Rata-rata gaji tahunan per sekt'!D10) -> 14.968247 | E11: =LN('Rata-rata gaji tahunan per sekt'!E10) -> 14.982934 | F11: =LN('Rata-rata gaji tahunan per sekt'!F10) -> 15.070216 | G11: =LN('Rata-rata gaji tahunan per sekt'!G10) -> 15.031739 | H11: =LN('Rata-rata gaji tahunan per sekt'!H10) -> 14.959787 | I11: =LN('Rata-rata gaji tahunan per sekt'!I10) -> 15.070534 | ... L11: =LN('Rata-rata gaji tahunan per sekt'!L10) -> 15.178359 | M11: =SLOPE(B11:L11, $B$3:$L$3) -> 0.037826875 | N11: =EXP(M11) -1 -> 0.038551418 | O11: =(EXP(M11) -1) * 100 -> 3.8551418 | P11: =RSQ(B11:L11, $B$3:$L$3) -> 0.78308911
A12: I | B12: =LN('Rata-rata gaji tahunan per sekt'!B11) -> 14.294717 | C12: =LN('Rata-rata gaji tahunan per sekt'!C11) -> 14.447302 | D12: =LN('Rata-rata gaji tahunan per sekt'!D11) -> 14.572115 | E12: =LN('Rata-rata gaji tahunan per sekt'!E11) -> 14.590572 | F12: =LN('Rata-rata gaji tahunan per sekt'!F11) -> 14.650252 | G12: =LN('Rata-rata gaji tahunan per sekt'!G11) -> 14.561625 | H12: =LN('Rata-rata gaji tahunan per sekt'!H11) -> 14.490667 | I12: =LN('Rata-rata gaji tahunan per sekt'!I11) -> 14.6119 | ... L12: =LN('Rata-rata gaji tahunan per sekt'!L11) -> 14.726107 | M12: =SLOPE(B12:L12, $B$3:$L$3) -> 0.028393796 | N12: =EXP(M12) -1 -> 0.028800742 | O12: =(EXP(M12) -1) * 100 -> 2.8800742 | P12: =RSQ(B12:L12, $B$3:$L$3) -> 0.61367642
A13: J | B13: =LN('Rata-rata gaji tahunan per sekt'!B12) -> 15.115384 | C13: =LN('Rata-rata gaji tahunan per sekt'!C12) -> 15.080299 | D13: =LN('Rata-rata gaji tahunan per sekt'!D12) -> 15.275172 | E13: =LN('Rata-rata gaji tahunan per sekt'!E12) -> 15.217876 | F13: =LN('Rata-rata gaji tahunan per sekt'!F12) -> 15.246078 | G13: =LN('Rata-rata gaji tahunan per sekt'!G12) -> 15.204133 | H13: =LN('Rata-rata gaji tahunan per sekt'!H12) -> 15.223888 | I13: =LN('Rata-rata gaji tahunan per sekt'!I12) -> 15.41553 | ... L13: =LN('Rata-rata gaji tahunan per sekt'!L12) -> 15.364174 | M13: =SLOPE(B13:L13, $B$3:$L$3) -> 0.028863507 | N13: =EXP(M13) -1 -> 0.029284095 | O13: =(EXP(M13) -1) * 100 -> 2.9284095 | P13: =RSQ(B13:L13, $B$3:$L$3) -> 0.72731946
A14: K | B14: =LN('Rata-rata gaji tahunan per sekt'!B13) -> 14.978017 | C14: =LN('Rata-rata gaji tahunan per sekt'!C13) -> 15.088092 | D14: =LN('Rata-rata gaji tahunan per sekt'!D13) -> 15.227379 | E14: =LN('Rata-rata gaji tahunan per sekt'!E13) -> 15.263655 | F14: =LN('Rata-rata gaji tahunan per sekt'!F13) -> 15.244942 | G14: =LN('Rata-rata gaji tahunan per sekt'!G13) -> 15.238601 | H14: =LN('Rata-rata gaji tahunan per sekt'!H13) -> 15.236212 | I14: =LN('Rata-rata gaji tahunan per sekt'!I13) -> 15.410929 | ... L14: =LN('Rata-rata gaji tahunan per sekt'!L13) -> 15.424412 | M14: =SLOPE(B14:L14, $B$3:$L$3) -> 0.041170833 | N14: =EXP(M14) -1 -> 0.042030104 | O14: =(EXP(M14) -1) * 100 -> 4.2030104 | P14: =RSQ(B14:L14, $B$3:$L$3) -> 0.84685142
A15: L | B15: =LN('Rata-rata gaji tahunan per sekt'!B14) -> 14.865863 | C15: =LN('Rata-rata gaji tahunan per sekt'!C14) -> 15.156111 | D15: =LN('Rata-rata gaji tahunan per sekt'!D14) -> 14.977538 | E15: =LN('Rata-rata gaji tahunan per sekt'!E14) -> 15.019415 | F15: =LN('Rata-rata gaji tahunan per sekt'!F14) -> 15.120556 | G15: =LN('Rata-rata gaji tahunan per sekt'!G14) -> 15.042386 | H15: =LN('Rata-rata gaji tahunan per sekt'!H14) -> 15.083558 | I15: =LN('Rata-rata gaji tahunan per sekt'!I14) -> 15.276198 | ... L15: =LN('Rata-rata gaji tahunan per sekt'!L14) -> 15.255567 | M15: =SLOPE(B15:L15, $B$3:$L$3) -> 0.035957768 | N15: =EXP(M15) -1 -> 0.036612068 | O15: =(EXP(M15) -1) * 100 -> 3.6612068 | P15: =RSQ(B15:L15, $B$3:$L$3) -> 0.66625268
... A21: Rata-Rata | B21: =LN('Rata-rata gaji tahunan per sekt'!B20) -> 14.521335 | C21: =LN('Rata-rata gaji tahunan per sekt'!C20) -> 14.677037 | D21: =LN('Rata-rata gaji tahunan per sekt'!D20) -> 14.8171 | E21: =LN('Rata-rata gaji tahunan per sekt'!E20) -> 14.824052 | F21: =LN('Rata-rata gaji tahunan per sekt'!F20) -> 14.863779 | G21: =LN('Rata-rata gaji tahunan per sekt'!G20) -> 14.85823 | H21: =LN('Rata-rata gaji tahunan per sekt'!H20) -> 14.844611 | I21: =LN('Rata-rata gaji tahunan per sekt'!I20) -> 14.907986 | ... L21: =LN('Rata-rata gaji tahunan per sekt'!L20) -> 14.982689 | M21: =SLOPE(B21:L21, $B$3:$L$3) -> 0.03596454 | N21: =EXP(M21) -1 -> 0.036619087 | O21: =(EXP(M21) -1) * 100 -> 3.6619087 | P21: =RSQ(B21:L21, $B$3:$L$3) -> 0.79509817
